Workbook
Name ___INDEX_SHEET___ASAP_Utilities: '[1]INDEX sheet'!#REF!
Name ___INDEX_SHEET___ASAP_Utilities: '[1]INDEX sheet'!#REF!
Name ___INDEX_SHEET___ASAP_Utilities: '[1]INDEX sheet'!#REF!
Name ___INDEX_SHEET___ASAP_Utilities: '[1]INDEX sheet'!#REF!
Name ___INDEX_SHEET___ASAP_Utilities: '[1]INDEX sheet'!#REF!
Name ___INDEX_SHEET___ASAP_Utilities: '[1]INDEX sheet'!#REF!
Name ___mds_first_cell___: #REF!
Name ___mds_first_cell___: #REF!
Name ___mds_first_cell___: #REF!
Name ___mds_view_data___: #REF!
Name ___mds_view_data___: #REF!
Name ___mds_view_data___: #REF!
Name _1_0Crite: #REF!
Name _1_0Crite: #REF!
Name _1_0Crite: #REF!
Name _2__0Extr: #REF!
Name _2__0Extr: #REF!
Name _2__0Extr: #REF!
Name _3087_200_T_PQ_001: #REF!
Name _3087_200_T_PQ_001: #REF!
Name _3087_200_T_PQ_001: #REF!
Name _3087_300_T_PQ_001: #REF!
Name _3087_300_T_PQ_001: #REF!
Name _3087_300_T_PQ_001: #REF!
Name _3087_800_T_PQ_001: #REF!
Name _3087_800_T_PQ_001: #REF!
Name _3087_800_T_PQ_001: #REF!
Name _3087_900_T_PQ_001: #REF!
Name _3087_900_T_PQ_001: #REF!
Name _3087_900_T_PQ_001: #REF!
Name _DAT1: '[3]Target Book'!#REF!
Name _DAT1: '[3]Target Book'!#REF!
Name _DAT1: '[3]Target Book'!#REF!
Name _DAT10: '[3]Target Book'!#REF!
Name _DAT10: '[3]Target Book'!#REF!
Name _DAT10: '[3]Target Book'!#REF!
Name _DAT11: '[4]SAP info'!#REF!
Name _DAT11: '[4]SAP info'!#REF!
Name _DAT11: '[4]SAP info'!#REF!
Name _DAT12: '[3]Target Book'!#REF!
Name _DAT12: '[3]Target Book'!#REF!
Name _DAT12: '[3]Target Book'!#REF!
Name _DAT13: '[3]Target Book'!#REF!
Name _DAT13: '[3]Target Book'!#REF!
Name _DAT13: '[3]Target Book'!#REF!
Name _DAT14: '[4]SAP info'!#REF!
Name _DAT14: '[4]SAP info'!#REF!
Name _DAT14: '[4]SAP info'!#REF!
Name _DAT15: '[3]Target Book'!#REF!
Name _DAT15: '[3]Target Book'!#REF!
Name _DAT15: '[3]Target Book'!#REF!
Name _DAT16: '[3]Target Book'!#REF!
Name _DAT16: '[3]Target Book'!#REF!
Name _DAT16: '[3]Target Book'!#REF!
Name _DAT17: '[3]Target Book'!#REF!
Name _DAT17: '[3]Target Book'!#REF!
Name _DAT17: '[3]Target Book'!#REF!
Name _DAT18: '[3]Target Book'!#REF!
Name _DAT18: '[3]Target Book'!#REF!
Name _DAT18: '[3]Target Book'!#REF!

Sheet SDCA Wall
K2: VPO Overviews | N2: Standardize | Q2: Check | T2: Act
E4: Abnormality Report
E7: Action Log
E10: SIC Chat
B12: PDCA Cycle Printout | H12: SDCA Cycle Printout | K12: Business Description Overview | N12: SLA Overview | Q12: Process Map Overview | T12: PI Overview | W12: Standard Creation & Execution Overview
E13: VPO Overview
K16: Business Description on curret year | N16: SLAs on current year | Q16: Ops Process Maps | T16: KPI Trees
W17: SOP
C18: Routine Review Process
K20: BD Critical Matrix | Q20: PM Critical Matrix | W20: OPL
C21: Meeting TOR
D24: Visual Boards
F27: PI Tracking Sheet
G30: KPI Dashboard

Sheet Document History
B4: Дата создания: ddmmyy | C4: Process Map Департамент, Завод] [учаток]
B5: Дата пересмотра: ddmmyy | C5: Владелец: ХХХ Утверждено: ХХХ
B6: Версия: x.x
B7: История
B8: Версия | C8: Дата | D8: Описание изменений | E8: Автор

Sheet Page for visual
O2: Level 1 | R2: Level 2
R10: Level 3
B18: Уровень 4: Критичная задача | E18: PIs | G18: KPIs | I18: SOPs \ OPLs | L18: 5WHY, AR triggers
R22: Level 4
B51: Level 4: Critical task(s) | E51: PIs | G51: KPIs | I51: SOPs \ OPLs | L51: 5WHY, AR triggers | P51: Level 4: Critical task(s) | S51: PIs | U51: KPIs | W51: SOPs \ OPLs | Z51: 5WHY, AR triggers

Sheet KPI-tree-PM-overview
B3: Дата создания: ddmmyy | E3: Process Map [Департмент, Завод] [участок]
B4: Дата пересмотра: ddmmyy | E4: Владелец: XXX Утверждено: XXX
B5: Версия: 1.0 | E5: Конфиденциально
E6: PM - KPI tree - SOP обзор
B7: Уровень 1 Продукт | C7: Уровень 2 Процесс | D7: Уровень 3 Активность | E7: Уровень 4 Задача | F7: Level 5 Step | G7: Иникаторы измерения эффективности процесса и продукта | J7: Стандарты (SOP/OPL...) | K7: Ссылка на документ
G12: PI | H12: Владелец PI | I12: KPI
B14: Критичный продукт | C14: Критичный процесс | D14: Критичная активность | E14: Критичная задача | F14: Critical Step | G14: Критичный (-ые) PI (-и), связанные с критичной задачей | H14: Кто ответственен за контроль данного PI? | I14: Критичный KPI, с которым связан критичный PI | J14: Критичный SOP, который регламентирует критичную задачу

Sheet L2-Process-Flow 
B2: Уровень 1 - Продукт | D2: Страница 3 | G2: Легенда | H2: Легенда
B3: Уровень 2 - Процесс | D3: Версия | E3: ='Document History'!B6 -> Версия: x.x
D4: Владелец
H5: Для цветовой маркировки критических процессов / подпроцессов / выходов, используйте ЖЕЛТЫЙ цвет и знак лупы
G6: Описывает старт процесса
G7: Ширина - 4,4 cm
G8: Высота - 2,2 cm
G10: Является промежуточным этипом в процессе
G11: Ширина - 4,4 cm
G12: Высота - 2,2 cm
H13: Для удобства пользованием вы можете создавать гиперссылки между страницами через лупы на критичных моментах Для цветовой маркировки приоритетных процессов / подпроцессов / выходов, используйте ЗЕЛЕНЫЙ цвет заливки
G14: Описывает входы и выходы процесса
G15: Ширина - 4,4 cm
G16: Высота - 2,2 cm
G18: Связь между составляющими процесса

Sheet L2-Critical Process
B2: Critical
B3: Priority | E3: Качество | F3: Стоимость | G3: Доставка | H3: Мораль | I3: Безопасность
B4: Определение | E4: Качество продукта, без дефектов и с характеристиками, которые удовлетворяют заказчика | F4: Возможность предлагать конкурентоспособные цены клиенту, достигая минимальной стоимости для каждого продукта | G4: Наличие продукта вовремя, в нужном количестве, в нужном месте | H4: Высокая работоспособность, сотрудники счастливы и гордятся собственной работой | I4: Безопасность сотрудников и подрядчиков на работе, а также пользователей продукта
B5: 5 | E5: Низкое | F5: Высокая | G5: Низкая | H5: Низкая | I5: Низкая
B6: 3 | E6: Среднее | F6: Средняя | G6: Средняя | H6: Средняя | I6: Средняя
B7: 1 | E7: Высокое | F7: Низкая | G7: Высокая | H7: Высокая | I7: Высокая
B9: Процесс | E9: Качество | F9: Стоимость | G9: Доставка | H9: Мораль | I9: Безопасность | J9: Сумма | K9: Критично или приоритетно?
B12: Процесс | C12: 1 | J12: =SUM(E12:I12) -> 0
B13: Процесс | C13: 2 | J13: =SUM(E13:I13) -> 0
B14: Процесс | C14: 3 | J14: =SUM(E14:I14) -> 0
B15: Процесс | C15: 4 | J15: =SUM(E15:I15) -> 0
B16: Процесс | C16: 5 | J16: =SUM(E16:I16) -> 0
B17: Процесс | C17: 6 | J17: =SUM(E17:I17) -> 0
B18: Процесс | C18: 7 | J18: =SUM(E18:I18) -> 0
B19: Процесс | C19: 8 | J19: =SUM(E19:I19) -> 0
B20: Процесс | C20: 9 | J20: =SUM(E20:I20) -> 0
B21: Процесс | C21: 10 | J21: =SUM(E21:I21) -> 0
B22: Процесс | C22: 11 | J22: =SUM(E22:I22) -> 0
B23: Процесс | C23: 12 | J23: =SUM(E23:I23) -> 0
B24: Процесс | C24: 13 | J24: =SUM(E24:I24) -> 0

Sheet L3-Activity-Flow 
B2: Уровень 1 - Продукт | C2: ='L2-Process-Flow '!C2 -> 0 | D2: Страница 5 | G2: Легенда | H2: Легенда
B3: Уровень 2 - Процесс | C3: ='L2-Process-Flow '!C3:C4 -> 0
B4: Уровень 3 - Активность | D4: Версия | E4: ='Document History'!B6 -> Версия: x.x
D5: Владелец | E5: ='L2-Process-Flow '!E4 -> 0
H6: Для цветовой маркировки критических процессов / подпроцессов / выходов, используйте ЖЕЛТЫЙ цвет и знак лупы
G7: Описывает старт процесса
G8: Ширина - 4,4 cm
G9: Высота - 2,2 cm
G11: Является промежуточным этипом в процессе
G12: Ширина - 4,4 cm
G13: Высота - 2,2 cm
G15: Описывает входы и выходы процесса
G16: Ширина - 4,4 cm
G17: Высота - 2,2 cm
G19: Связь между составляющими процесса

Sheet L3-Critical Activities
B2: Critical
B3: Priority | E3: Качество | F3: Стоимость | G3: Доставка | H3: Мораль | I3: Безопасность
B4: Определение | E4: Качество продукта, без дефектов и с характеристиками, которые удовлетворяют заказчика | F4: Возможность предлагать конкурентоспособные цены клиенту, достигая минимальной стоимости для каждого продукта | G4: Наличие продукта вовремя, в нужном количестве, в нужном месте | H4: Высокая работоспособность, сотрудники счастливы и гордятся собственной работой | I4: Безопасность сотрудников и подрядчиков на работе, а также пользователей продукта
B5: 5 | E5: Низкое | F5: Высокая | G5: Низкая | H5: Низкая | I5: Низкая
B6: 3 | E6: Среднее | F6: Средняя | G6: Средняя | H6: Средняя | I6: Средняя
B7: 1 | E7: Высокое | F7: Низкая | G7: Высокая | H7: Высокая | I7: Высокая
B9: Активность | E9: Качество | F9: Стоимость | G9: Доставка | H9: Мораль | I9: Безопасность | J9: Сумма | K9: Критично или приоритетно?
B12: Активность | C12: 1 | J12: =SUM(E12:I12) -> 0
B13: Активность | C13: 2 | J13: =SUM(E13:I13) -> 0
B14: Активность | C14: 3 | J14: =SUM(E14:I14) -> 0
B15: Активность | C15: 4 | J15: =SUM(E15:I15) -> 0
B16: Активность | C16: 5 | J16: =SUM(E16:I16) -> 0
B17: Активность | C17: 6 | J17: =SUM(E17:I17) -> 0
B18: Активность | C18: 7 | J18: =SUM(E18:I18) -> 0
B19: Активность | C19: 8 | J19: =SUM(E19:I19) -> 0
B20: Активность | C20: 9 | J20: =SUM(E20:I20) -> 0
B21: Активность | C21: 10 | J21: =SUM(E21:I21) -> 0
B22: Активность | C22: 11 | J22: =SUM(E22:I22) -> 0
B23: Активность | C23: 12 | J23: =SUM(E23:I23) -> 0
B24: Активность | C24: 13 | J24: =SUM(E24:I24) -> 0

Sheet L4-Task-flow
B2: Уровень 1 - Продукт | C2: ='L3-Activity-Flow '!C2 -> 0 | E2: Страница 7 | H2: Легенда | I2: Легенда
B3: Уровень 2 - Процесс | C3: ='L3-Activity-Flow '!C3 -> 0 | E3: Версия | F3: ='L3-Activity-Flow '!E4 -> Версия: x.x
B4: Уровень 3 - Активность | C4: ='L3-Activity-Flow '!C4:C5 -> 0 | E4: Владелец | F4: ='L3-Activity-Flow '!E5 -> 0
H5: Начало и Конец процесса (могут быть вклады от поставщиков на входе и полупродукты\продукты на выходе) | I5: Так должна быть обозначена критичная задача и критичных PI для нее
H8: Задача, которая описывает, что следует работнику делать последовательно | I8: Приоритет / важная задача, имеющая сильное влияние на результат
H10: Описывает то, что осуществляется автоматическим способом с помощью оборудования \ машины
I11: Задача, связанная с задачей другого отдела
H12: Описывает, кто участвует в исполнении каждой задачии
H13: RACI
H14: R - Исполнитель A - Ответственный C - Консультирующий I - Информируемые | I14: Документы, реглментирующие критичную задача обозначаются ЖЕЛТЫМ цветом
H15: Внешнее лицо/предприятие, которое принимает участие в исполнении задачи
I16: Если вы создали что-то новое в процессе (файлы, задачи), отметьте это, что с помощью данного флажка
H17: IT система, сопровождающая задача
I19: Если вы обновили что-то (файлы, задачи) в процессе, отметьте это, что с помощью данного знака
H20: Сопровождающие документы, файлы на входе/выходе
H22: Правла алгоритмов
H24: Процесс имеет только один путь развития
I25: Если вы создадите уровень 5 - «Карта шагов», отметьте задачу, которую будете декомпазироват, этим знаком. Для создания Уровня 5 вы можете использовать те же символы, что и в Уровне 4
H26: Процесс имеет один и более путей развития, которые имеют место быть
H28: Процесс имеет несколько путей развития, которые могут быть параллельными | I28: Используйте нумерацию уровней 5, если вы создаете несколько уровней шагов на одной странице

Sheet L4-Critical_Tasks
B2: Critical
B3: Priority | E3: Качество | F3: Стоимость | G3: Доставка | H3: Мораль | I3: Безопасность
B4: Определение | E4: Качество продукта, без дефектов и с характеристиками, которые удовлетворяют заказчика | F4: Возможность предлагать конкурентоспособные цены клиенту, достигая минимальной стоимости для каждого продукта | G4: Наличие продукта вовремя, в нужном количестве, в нужном месте | H4: Высокая работоспособность, сотрудники счастливы и гордятся собственной работой | I4: Безопасность сотрудников и подрядчиков на работе, а также пользователей продукта
B5: 5 | E5: Низкое | F5: Высокая | G5: Низкая | H5: Низкая | I5: Низкая
B6: 3 | E6: Среднее | F6: Средняя | G6: Средняя | H6: Средняя | I6: Средняя
B7: 1 | E7: Высокое | F7: Низкая | G7: Высокая | H7: Высокая | I7: Высокая
B9: Задача | E9: Качество | F9: Стоимость | G9: Доставка | H9: Мораль | I9: Безопасность | J9: Сумма | K9: Критично или приоритетно?
B12: Задача | C12: 1 | J12: =SUM(E12:I12) -> 0
B13: Задача | C13: 2 | J13: =SUM(E13:I13) -> 0
B14: Задача | C14: 3 | J14: =SUM(E14:I14) -> 0
B15: Задача | C15: 4 | J15: =SUM(E15:I15) -> 0
B16: Задача | C16: 5 | J16: =SUM(E16:I16) -> 0
B17: Задача | C17: 6 | J17: =SUM(E17:I17) -> 0
B18: Задача | C18: 7 | J18: =SUM(E18:I18) -> 0
B19: Задача | C19: 8 | J19: =SUM(E19:I19) -> 0
B20: Задача | C20: 9 | J20: =SUM(E20:I20) -> 0
B21: Задача | C21: 10 | J21: =SUM(E21:I21) -> 0
B22: Задача | C22: 11 | J22: =SUM(E22:I22) -> 0
B23: Задача | C23: 12 | J23: =SUM(E23:I23) -> 0
... B31: Задача | C31: 20 | J31: =SUM(E31:I31) -> 0
B33: Шаг | E33: Качество | F33: Стоимость | G33: Доставка | H33: Мораль | I33: Безопасность | J33: Сумма | K33: Критично или приоритетно?
B36: Шаг | C36: 1 | J36: =SUM(E36:I36) -> 0
B37: Шаг | C37: 2 | J37: =SUM(E37:I37) -> 0
B38: Шаг | C38: 3 | J38: =SUM(E38:I38) -> 0
B39: Шаг | C39: 4 | J39: =SUM(E39:I39) -> 0
B40: Шаг | C40: 5 | J40: =SUM(E40:I40) -> 0
B41: Шаг | C41: 6 | J41: =SUM(E41:I41) -> 0
B42: Шаг | C42: 7 | J42: =SUM(E42:I42) -> 0
B43: Шаг | C43: 8 | J43: =SUM(E43:I43) -> 0
B44: Шаг | C44: 9 | J44: =SUM(E44:I44) -> 0
B45: Шаг | C45: 10 | J45: =SUM(E45:I45) -> 0
