Workbook
Name ___INDEX_SHEET___ASAP_Utilities: '[1]INDEX sheet'!#REF!
Name ___INDEX_SHEET___ASAP_Utilities: '[1]INDEX sheet'!#REF!
Name ___INDEX_SHEET___ASAP_Utilities: '[1]INDEX sheet'!#REF!
Name ___INDEX_SHEET___ASAP_Utilities: '[1]INDEX sheet'!#REF!
Name ___INDEX_SHEET___ASAP_Utilities: '[1]INDEX sheet'!#REF!
Name ___INDEX_SHEET___ASAP_Utilities: '[1]INDEX sheet'!#REF!
Name ___mds_first_cell___: #REF!
Name ___mds_first_cell___: #REF!
Name ___mds_first_cell___: #REF!
Name ___mds_view_data___: #REF!
Name ___mds_view_data___: #REF!
Name ___mds_view_data___: #REF!
Name _1_0Crite: #REF!
Name _1_0Crite: #REF!
Name _1_0Crite: #REF!
Name _2__0Extr: #REF!
Name _2__0Extr: #REF!
Name _2__0Extr: #REF!
Name _3087_200_T_PQ_001: #REF!
Name _3087_200_T_PQ_001: #REF!
Name _3087_200_T_PQ_001: #REF!
Name _3087_300_T_PQ_001: #REF!
Name _3087_300_T_PQ_001: #REF!
Name _3087_300_T_PQ_001: #REF!
Name _3087_800_T_PQ_001: #REF!
Name _3087_800_T_PQ_001: #REF!
Name _3087_800_T_PQ_001: #REF!
Name _3087_900_T_PQ_001: #REF!
Name _3087_900_T_PQ_001: #REF!
Name _3087_900_T_PQ_001: #REF!
Name _DAT1: '[3]Target Book'!#REF!
Name _DAT1: '[3]Target Book'!#REF!
Name _DAT1: '[3]Target Book'!#REF!
Name _DAT10: '[3]Target Book'!#REF!
Name _DAT10: '[3]Target Book'!#REF!
Name _DAT10: '[3]Target Book'!#REF!
Name _DAT11: '[4]SAP info'!#REF!
Name _DAT11: '[4]SAP info'!#REF!
Name _DAT11: '[4]SAP info'!#REF!
Name _DAT12: '[3]Target Book'!#REF!
Name _DAT12: '[3]Target Book'!#REF!
Name _DAT12: '[3]Target Book'!#REF!
Name _DAT13: '[3]Target Book'!#REF!
Name _DAT13: '[3]Target Book'!#REF!
Name _DAT13: '[3]Target Book'!#REF!
Name _DAT14: '[4]SAP info'!#REF!
Name _DAT14: '[4]SAP info'!#REF!
Name _DAT14: '[4]SAP info'!#REF!
Name _DAT15: '[3]Target Book'!#REF!
Name _DAT15: '[3]Target Book'!#REF!
Name _DAT15: '[3]Target Book'!#REF!
Name _DAT16: '[3]Target Book'!#REF!
Name _DAT16: '[3]Target Book'!#REF!
Name _DAT16: '[3]Target Book'!#REF!
Name _DAT17: '[3]Target Book'!#REF!
Name _DAT17: '[3]Target Book'!#REF!
Name _DAT17: '[3]Target Book'!#REF!
Name _DAT18: '[3]Target Book'!#REF!
Name _DAT18: '[3]Target Book'!#REF!
Name _DAT18: '[3]Target Book'!#REF!

Sheet SDCA Wall
K2: VPO Overviews | N2: Standardize | Q2: Check | T2: Act
E4: Abnormality Report
E7: Action Log
E10: SIC Chat
B12: PDCA Cycle Printout | H12: SDCA Cycle Printout | K12: Business Description Overview | N12: SLA Overview | Q12: Process Map Overview | T12: PI Overview | W12: Standard Creation & Execution Overview
E13: VPO Overview
K16: Business Description on curret year | N16: SLAs on current year | Q16: Ops Process Maps | T16: KPI Trees
W17: SOP
C18: Routine Review Process
K20: BD Critical Matrix | Q20: PM Critical Matrix | W20: OPL
C21: Meeting TOR
D24: Visual Boards
F27: PI Tracking Sheet
G30: KPI Dashboard

Sheet Document History
B4: Дата создания: 18.11.2024 | C4: Process Map People Ufa
B5: Дата пересмотра: | C5: Владелец: Утверждено:
B6: Версия: 1.0
B7: История
B8: Версия | C8: Дата | D8: Описание изменений | E8: Автор
B10: 1.0 | C10: 45614 | D10: Создание карты процесса | E10: Konnova Dariya

Sheet KPI-tree-PM-overview
B3: Дата создания: 18.11.2024 | E3: Process Map People Ufa
B4: Дата пересмотра: | E4: Владелец: Утверждено:
B5: Версия: 1.0 | E5: Конфиденциально
E6: PM - KPI tree - SOP обзор
B7: Уровень 1 Продукт | C7: Уровень 2 Процесс | D7: Уровень 3 Активность | E7: Уровень 4 Задача | F7: Level 5 Step | G7: Иникаторы измерения эффективности процесса и продукта | J7: Стандарты (SOP/OPL...) | K7: Ссылка на документ
G12: PI | H12: Владелец PI | I12: KPI
B14: Критичный продукт | C14: Критичный процесс | D14: Критичная активность | E14: Критичная задача | F14: Critical Step | G14: Критичный (-ые) PI (-и), связанные с критичной задачей | H14: Кто ответственен за контроль данного PI? | I14: Критичный KPI, с которым связан критичный PI | J14: Критичный SOP, который регламентирует критичную задачу | K14: Ссылка на документ
B15: Укомплектованный штат персонала | C15: Проведение процесса отбора и найма в соответствии с глобальными и зональными принципами | D15: Проведение качественного собеседования с последующим трудоустройством сотрудника | E15: Провести отбор кандидатов исходя из требований компании | G15: Количество назначенных собеседований | H15: People | I15: Количество вакансий, заполненных в срок (в течение 45 календарных дней с даты разморозки) | K15: в разработке
B16: Укомплектованный штат персонала | C16: Проведение процесса отбора и найма в соответствии с глобальными и зональными принципами | D16: Проведение качественного собеседования с последующим трудоустройством сотрудника | E16: Провести собеседования с кандидатами | G16: Количество отказов после первого этапа собеседования (наших и кандидатов) | H16: People | I16: Количество вакансий, заполненных в срок (в течение 45 календарных дней с даты разморозки) | K16: в разработке
B17: Укомплектованный штат персонала | C17: Проведение процесса отбора и найма в соответствии с глобальными и зональными принципами | D17: Проведение качественного собеседования с последующим трудоустройством сотрудника | E17: Организовать условия для упрощения процесса трудоустройства | G17: Количество негативной обратной связи по загрузке документов в процессе трудоустройства | H17: People | I17: Количество вакансий, заполненных в срок (в течение 45 календарных дней с даты разморозки) | K17: в разработке

Sheet Page for visual
O2: Level 1 | R2: Level 2
R10: Level 3
B18: Уровень 4: Критичная задача | E18: PIs | G18: KPIs | I18: SOPs \ OPLs | L18: 5WHY, AR triggers
R22: Level 4
B51: Level 4: Critical task(s) | E51: PIs | G51: KPIs | I51: SOPs \ OPLs | L51: 5WHY, AR triggers | P51: Level 4: Critical task(s) | S51: PIs | U51: KPIs | W51: SOPs \ OPLs | Z51: 5WHY, AR triggers

Sheet L2-Process-Flow 
B2: Уровень 1 - Продукт | C2: Укомплектованный штат персонала | D2: Страница 3 | G2: Легенда | H2: Легенда
B3: Уровень 2 - Процесс | C3: Участие в процессе формирования организационной структуры, проведение процесса отбора и найма в соответствии с глобальными и зональными принципами | D3: Версия | E3: ='Document History'!B6 -> Версия: 1.0
D4: Владелец
H5: Для цветовой маркировки критических процессов / подпроцессов / выходов, используйте ЖЕЛТЫЙ цвет и знак лупы
G6: Описывает старт процесса
G7: Ширина - 4,4 cm
G8: Высота - 2,2 cm
G10: Является промежуточным этипом в процессе
G11: Ширина - 4,4 cm
G12: Высота - 2,2 cm
H13: Для удобства пользованием вы можете создавать гиперссылки между страницами через лупы на критичных моментах Для цветовой маркировки приоритетных процессов / подпроцессов / выходов, используйте ЗЕЛЕНЫЙ цвет заливки
G14: Описывает входы и выходы процесса
G15: Ширина - 4,4 cm
G16: Высота - 2,2 cm
G18: Связь между составляющими процесса

Sheet L2-Critical Process
B2: Critical
B3: Priority | E3: Качество | F3: Стоимость | G3: Доставка | H3: Мораль | I3: Безопасность
B4: Определение | E4: Качество продукта, без дефектов и с характеристиками, которые удовлетворяют заказчика | F4: Возможность предлагать конкурентоспособные цены клиенту, достигая минимальной стоимости для каждого продукта | G4: Наличие продукта вовремя, в нужном количестве, в нужном месте | H4: Высокая работоспособность, сотрудники счастливы и гордятся собственной работой | I4: Безопасность сотрудников и подрядчиков на работе, а также пользователей продукта
B5: 5 | E5: Низкое | F5: Высокая | G5: Низкая | H5: Низкая | I5: Низкая
B6: 3 | E6: Среднее | F6: Средняя | G6: Средняя | H6: Средняя | I6: Средняя
B7: 1 | E7: Высокое | F7: Низкая | G7: Высокая | H7: Высокая | I7: Высокая
B9: Процесс | E9: Качество | F9: Стоимость | G9: Доставка | H9: Мораль | I9: Безопасность | J9: Сумма | K9: Критично или приоритетно?
B12: Процесс | C12: 1 | D12: Проведение процесса отбора и найма в соответствии с глобальными и зональными принципами | E12: 5 | F12: 3 | G12: 5 | H12: 1 | I12: 1 | J12: =SUM(E12:I12) -> 15 | K12: Critical
B13: Процесс | C13: 2 | D13: Участие в процессе формирования организационной структуры | E13: 1 | F13: 1 | G13: 1 | H13: 1 | I13: 1 | J13: =SUM(E13:I13) -> 5 | K13: Priority
B14: Процесс | C14: 3 | J14: =SUM(E14:I14) -> 0
B15: Процесс | C15: 4 | J15: =SUM(E15:I15) -> 0
B16: Процесс | C16: 5 | J16: =SUM(E16:I16) -> 0
B17: Процесс | C17: 6 | J17: =SUM(E17:I17) -> 0
B18: Процесс | C18: 8 | J18: =SUM(E18:I18) -> 0
B19: Процесс | C19: 9 | J19: =SUM(E19:I19) -> 0
B20: Процесс | C20: 10 | J20: =SUM(E20:I20) -> 0
B21: Процесс | C21: 11 | J21: =SUM(E21:I21) -> 0
B22: Процесс | C22: 12 | J22: =SUM(E22:I22) -> 0
B23: Процесс | C23: 13 | J23: =SUM(E23:I23) -> 0

Sheet L3-Activity-Flow 
B2: Уровень 1 - Продукт | C2: ='L2-Process-Flow '!C2 -> Укомплектованный штат персонала | D2: Страница 5 | G2: Легенда | H2: Легенда
B3: Уровень 2 - Процесс | C3: Проведение процесса отбора и найма в соответствии с глобальными и зональными принципами
B4: Уровень 3 - Активность | D4: Версия | E4: ='Document History'!B6 -> Версия: 1.0
D5: Владелец | E5: ='L2-Process-Flow '!E4 -> 0
H6: Для цветовой маркировки критических процессов / подпроцессов / выходов, используйте ЖЕЛТЫЙ цвет и знак лупы
G7: Описывает старт процесса
G8: Ширина - 4,4 cm
G9: Высота - 2,2 cm
G11: Является промежуточным этипом в процессе
G12: Ширина - 4,4 cm
G13: Высота - 2,2 cm
G15: Описывает входы и выходы процесса
G16: Ширина - 4,4 cm
G17: Высота - 2,2 cm
G19: Связь между составляющими процесса
C23: Т

Sheet L3-Critical Activities
B2: Critical
B3: Priority | E3: Качество | F3: Стоимость | G3: Доставка | H3: Мораль | I3: Безопасность
B4: Определение | E4: Качество продукта, без дефектов и с характеристиками, которые удовлетворяют заказчика | F4: Возможность предлагать конкурентоспособные цены клиенту, достигая минимальной стоимости для каждого продукта | G4: Наличие продукта вовремя, в нужном количестве, в нужном месте | H4: Высокая работоспособность, сотрудники счастливы и гордятся собственной работой | I4: Безопасность сотрудников и подрядчиков на работе, а также пользователей продукта
B5: 5 | E5: Низкое | F5: Высокая | G5: Низкая | H5: Низкая | I5: Низкая
B6: 3 | E6: Среднее | F6: Средняя | G6: Средняя | H6: Средняя | I6: Средняя
B7: 1 | E7: Высокое | F7: Низкая | G7: Высокая | H7: Высокая | I7: Высокая
B9: Активность | E9: Качество | F9: Стоимость | G9: Доставка | H9: Мораль | I9: Безопасность | J9: Сумма | K9: Критично или приоритетно?
B12: Активность | C12: 1 | D12: Рекрутмент | E12: 3 | F12: 3 | G12: 5 | H12: 1 | I12: 1 | J12: =SUM(E12:I12) -> 13 | K12: Critical
B13: Активность | C13: 2 | D13: Проведение качественных собеседований | E13: 3 | F13: 1 | G13: 1 | H13: 1 | I13: 1 | J13: =SUM(E13:I13) -> 7 | K13: Priority
B14: Активность | C14: 3 | D14: Упрощение процесса трудоустройства | E14: 3 | F14: 1 | G14: 5 | H14: 1 | I14: 1 | J14: =SUM(E14:I14) -> 11 | K14: Critical
B15: Активность | C15: 5 | J15: =SUM(E15:I15) -> 0
B16: Активность | C16: 7 | J16: =SUM(E16:I16) -> 0
B17: Активность | C17: 8 | J17: =SUM(E17:I17) -> 0
B18: Активность | C18: 9 | J18: =SUM(E18:I18) -> 0
B19: Активность | C19: 10 | J19: =SUM(E19:I19) -> 0
B20: Активность | C20: 11 | J20: =SUM(E20:I20) -> 0
B21: Активность | C21: 12 | J21: =SUM(E21:I21) -> 0
B22: Активность | C22: 13 | J22: =SUM(E22:I22) -> 0
B23: Активность | C23: 14 | J23: =SUM(E23:I23) -> 0

Sheet L4-Task-flow
B2: Уровень 1 - Продукт | C2: ='L3-Activity-Flow '!C2 -> Укомплектованный штат персонала | E2: Страница 7 | H2: Легенда | I2: Легенда
B3: Уровень 2 - Процесс | C3: ='L3-Activity-Flow '!C3 -> Проведение процесса отбора и найма в соответствии с глобальными и зональными принципами | E3: Версия | F3: ='L3-Activity-Flow '!E4 -> Версия: 1.0
B4: Уровень 3 - Активность | C4: Проведение качественного собеседования с последующим трудоустройством кандидата | E4: Владелец | F4: ='L3-Activity-Flow '!E5 -> 0
I7: Если вы обновили что-то (файлы, задачи) в процессе, отметьте это, что с помощью данного знака
I13: Если вы создадите уровень 5 - «Карта шагов», отметьте задачу, которую будете декомпазироват, этим знаком. Для создания Уровня 5 вы можете использовать те же символы, что и в Уровне 4
H16: Процесс имеет несколько путей развития, которые могут быть параллельными | I16: Используйте нумерацию уровней 5, если вы создаете несколько уровней шагов на одной странице

Sheet L4-Critical_Tasks
B2: Critical
B3: Priority | E3: Качество | F3: Стоимость | G3: Доставка | H3: Мораль | I3: Безопасность
B4: Определение | E4: Качество продукта, без дефектов и с характеристиками, которые удовлетворяют заказчика | F4: Возможность предлагать конкурентоспособные цены клиенту, достигая минимальной стоимости для каждого продукта | G4: Наличие продукта вовремя, в нужном количестве, в нужном месте | H4: Высокая работоспособность, сотрудники счастливы и гордятся собственной работой | I4: Безопасность сотрудников и подрядчиков на работе, а также пользователей продукта
B5: 5 | E5: Низкое | F5: Высокая | G5: Низкая | H5: Низкая | I5: Низкая
B6: 3 | E6: Среднее | F6: Средняя | G6: Средняя | H6: Средняя | I6: Средняя
B7: 1 | E7: Высокое | F7: Низкая | G7: Высокая | H7: Высокая | I7: Высокая
B9: Задача | E9: Качество | F9: Стоимость | G9: Доставка | H9: Мораль | I9: Безопасность | J9: Сумма | K9: Критично или приоритетно?
B12: Задача | C12: 1 | D12: Произвести поиск кандидатов на площадках авито, hh.ru | E12: 1 | F12: 1 | G12: 1 | H12: 1 | I12: 1 | J12: =SUM(E12:I12) -> 5
B13: Задача | C13: 2 | D13: Отобрать подходящих кандидатов, назначить собеседования | E13: 3 | F13: 3 | G13: 5 | H13: 1 | I13: 1 | J13: =SUM(E13:I13) -> 13 | K13: Critical
B14: Задача | C14: 3 | D14: Оформить пропуск на кандидата | E14: 1 | F14: 1 | G14: 1 | H14: 1 | I14: 1 | J14: =SUM(E14:I14) -> 5
B15: Задача | C15: 4 | D15: Встретить кандидата на проходной | E15: 1 | F15: 1 | G15: 1 | H15: 1 | I15: 1 | J15: =SUM(E15:I15) -> 5
B16: Задача | C16: 5 | D16: Провести собеседование по вопросам из чек-листа, рассказать о компании | E16: 3 | F16: 1 | G16: 1 | H16: 1 | I16: 1 | J16: =SUM(E16:I16) -> 7 | K16: Priority
B17: Задача | C17: 6 | D17: Провести инструктаж по ОТ | E17: 1 | F17: 1 | G17: 1 | H17: 1 | I17: 1 | J17: =SUM(E17:I17) -> 5
B18: Задача | C18: 7 | D18: Переодеть кандидата в СИЗ, передать на экскурсию FLM | E18: 1 | F18: 1 | G18: 1 | H18: 1 | I18: 1 | J18: =SUM(E18:I18) -> 5
B19: Задача | C19: 8 | D19: FLM проводит экскурсию | E19: 1 | F19: 1 | G19: 1 | H19: 1 | I19: 1 | J19: =SUM(E19:I19) -> 5
B20: Задача | C20: 9 | D20: Взять ОС по итогам экскурсии | E20: 1 | F20: 1 | G20: 1 | H20: 1 | I20: 1 | J20: =SUM(E20:I20) -> 5
B21: Задача | C21: 10 | D21: Проводить кандидата, внести в кадровый резерв | E21: 1 | F21: 1 | G21: 1 | H21: 1 | I21: 1 | J21: =SUM(E21:I21) -> 5
B22: Задача | C22: 11 | D22: Снять замеры на пошив индивидуальных СИЗ | E22: 1 | F22: 1 | G22: 1 | H22: 1 | I22: 1 | J22: =SUM(E22:I22) -> 5
B23: Задача | C23: 12 | D23: Распечатать и заполнить с кандидатом согласие на обработку ПД | E23: 1 | F23: 1 | G23: 1 | H23: 1 | I23: 1 | J23: =SUM(E23:I23) -> 5
B24: Задача | C24: 13 | D24: Отсканировать документы, объяснить процесс приема | E24: 1 | F24: 1 | G24: 1 | H24: 1 | I24: 1 | J24: =SUM(E24:I24) -> 5
B25: Задача | C25: 14 | D25: Назначить стул/флаг на кандидата, отправить информацию рекрутерам | E25: 1 | F25: 1 | G25: 1 | H25: 1 | I25: 1 | J25: =SUM(E25:I25) -> 5
B26: Задача | C26: 15 | D26: Контроль заполнения отклика, 1 ссылки | E26: 1 | F26: 1 | G26: 3 | H26: 1 | I26: 1 | J26: =SUM(E26:I26) -> 7 | K26: Priority
B27: Задача | C27: 16 | D27: Помочь кандидату с загрузкой документов | E27: 3 | F27: 1 | G27: 5 | H27: 1 | I27: 1 | J27: =SUM(E27:I27) -> 11 | K27: Critical
B28: Задача | C28: 17 | D28: Передать данные в медпункт для направления на медосмотр | E28: 1 | F28: 1 | G28: 1 | H28: 1 | I28: 1 | J28: =SUM(E28:I28) -> 5
B29: Задача | C29: 18 | D29: Передать данные в административный отдел для заказа СИЗ | E29: 1 | F29: 1 | G29: 1 | H29: 1 | I29: 1 | J29: =SUM(E29:I29) -> 5
B30: Задача | C30: 19 | D30: Контроль прохождения медосмотра | E30: 1 | F30: 1 | G30: 1 | H30: 1 | I30: 1 | J30: =SUM(E30:I30) -> 5
B31: Задача | C31: 20 | D31: Загрузка документов на трудоустройство после получения результатов медкомиссии | E31: 1 | F31: 1 | G31: 1 | H31: 1 | I31: 1 | J31: =SUM(E31:I31) -> 5
B33: Шаг | E33: Качество | F33: Стоимость | G33: Доставка | H33: Мораль | I33: Безопасность | J33: Сумма | K33: Критично или приоритетно?
B36: Шаг | C36: 1 | J36: =SUM(E36:I36) -> 0
B37: Шаг | C37: 2 | J37: =SUM(E37:I37) -> 0
B38: Шаг | C38: 3 | J38: =SUM(E38:I38) -> 0
B39: Шаг | C39: 4 | J39: =SUM(E39:I39) -> 0
B40: Шаг | C40: 5 | J40: =SUM(E40:I40) -> 0
B41: Шаг | C41: 6 | J41: =SUM(E41:I41) -> 0
B42: Шаг | C42: 7 | J42: =SUM(E42:I42) -> 0
B43: Шаг | C43: 8 | J43: =SUM(E43:I43) -> 0
B44: Шаг | C44: 9 | J44: =SUM(E44:I44) -> 0
B45: Шаг | C45: 10 | J45: =SUM(E45:I45) -> 0
